Регион;Ссылка на предложение
Московская;https://mo.n1.ru/view/32427964/?open_card_dacha
Московская;https://mo.n1.ru/view/32211920/?open_card_dacha
Белгородская;https://belgorod.n1.ru/view/31971200/?open_card_dacha
Костромская;https://kostroma.n1.ru/view/31626417/?open_card_dacha
Красноярский;https://krasnoyarsk.n1.ru/view/32722643/?open_card_dacha
Новосибирская;https://novosibirsk.n1.ru/view/32018353/?open_card_dacha
Татарстан;https://kazan.n1.ru/view/26560117/?open_card_dacha
Свердловская;https://ekaterinburg.n1.ru/view/31532682/?open_card_dacha
Свердловская;https://ekaterinburg.n1.ru/view/25437759/?open_card_dacha
Свердловская;https://ekaterinburg.n1.ru/view/25639629/?open_card_dacha
Свердловская;https://ekaterinburg.n1.ru/view/30247081/?open_card_dacha
Свердловская;https://ekaterinburg.n1.ru/view/32723620/?open_card_dacha
Свердловская;https://ekaterinburg.n1.ru/view/32653386/?open_card_dacha
Свердловская;https://ekaterinburg.n1.ru/view/32259205/?open_card_dacha
Свердловская;https://ekaterinburg.n1.ru/view/32656341/?open_card_dacha
Свердловская;https://ekaterinburg.n1.ru/view/32675481/?open_card_dacha
Свердловская;https://ekaterinburg.n1.ru/view/31991638/?open_card_dacha
Свердловская;https://ekaterinburg.n1.ru/view/32257130/?open_card_dacha
Свердловская;https://ekaterinburg.n1.ru/view/32664655/?open_card_dacha
Челябинская;https://chelyabinsk.n1.ru/view/29687607/?open_card_dacha
Челябинская;https://chelyabinsk.n1.ru/view/32719973/?open_card_dacha
Челябинская;https://chelyabinsk.n1.ru/view/32855375/?open_card_dacha
Челябинская;https://chelyabinsk.n1.ru/view/32850419/?open_card_dacha
Челябинская;https://chelyabinsk.n1.ru/view/29687008/?open_card_dacha
Челябинская;https://chelyabinsk.n1.ru/view/28891992/?open_card_dacha
Челябинская;https://chelyabinsk.n1.ru/view/32809229/?open_card_dacha
Челябинская;https://chelyabinsk.n1.ru/view/32624866/?open_card_dacha
Челябинская;https://chelyabinsk.n1.ru/view/32714373/?open_card_dacha
Челябинская;https://chelyabinsk.n1.ru/view/32090774/?open_card_dacha
